Accuracy,Precision,Recall,Specificity,F1_Score,ROC_AUC,Best_Model,Best_Threshold
0.9926470588235294,0.8529411764705882,0.9666666666666667,0.9936386768447837,0.90625,0.9692111959287533,Gradient Boosting,0.1
